{
    "image/png": "png",
    "image/gif": "gif",
    "image/bmp": "bmp",
    "image/jpeg": "jpeg",
    "image/webp": "webp",
    "image/tiff": "tiff",
    "image/x-tga": "tga",
    "image/x-xcf": "xcf",
    "image/x-icon": "ico",
    "image/svg+xml": "svg",
    "image/vnd.adobe.photoshop": "psd",
    "audio/wav": "wav",
    "audio/ogg": "ogg",
    "audio/aac": "aac",
    "audio/mpeg": "mp3",
    "audio/midi": "midi",
    "audio/flac": "flac",
    "video/mp4": "mp4",
    "video/webm": "webm",
    "video/mpeg": "mpeg",
    "video/x-ms-wmv": "wmv",
    "video/quicktime": "mov",
    "video/x-msvideo": "avi",
    "text/plain": "txt",
    "application/pdf": "pdf",
    "application/xml": "xml",
    "application/json": "json",
    "application/msword": "doc",
    "application/vnd.ms-excel": "xls",
    "application/vnd.ms-powerpoint": "ppt",
    "application/vnd.openxmlformats-officedocument.spreadsheetml.sheet": "xlsx",
    "application/vnd.openxmlformats-officedocument.wordprocessingml.document": "docx",
    "application/vnd.openxmlformats-officedocument.presentationml.presentation": "pptx"
}