{
  "nested": {
    "project": {
      "nested": {
        "monitor": {
          "oneofs": {
            "_id": {
              "oneof": [
                "id"
              ]
            },
            "_mode": {
              "oneof": [
                "mode"
              ]
            },
            "_opcode": {
              "oneof": [
                "opcode"
              ]
            },
            "_spriteName": {
              "oneof": [
                "spriteName"
              ]
            },
            "_value": {
              "oneof": [
                "value"
              ]
            },
            "_width": {
              "oneof": [
                "width"
              ]
            },
            "_height": {
              "oneof": [
                "height"
              ]
            },
            "_x": {
              "oneof": [
                "x"
              ]
            },
            "_y": {
              "oneof": [
                "y"
              ]
            },
            "_visible": {
              "oneof": [
                "visible"
              ]
            },
            "_sliderMin": {
              "oneof": [
                "sliderMin"
              ]
            },
            "_sliderMax": {
              "oneof": [
                "sliderMax"
              ]
            },
            "_isDiscrete": {
              "oneof": [
                "isDiscrete"
              ]
            }
          },
          "fields": {
            "id": {
              "type": "string",
              "id": 1,
              "options": {
                "proto3_optional": true
              }
            },
            "mode": {
              "type": "string",
              "id": 2,
              "options": {
                "proto3_optional": true
              }
            },
            "opcode": {
              "type": "string",
              "id": 3,
              "options": {
                "proto3_optional": true
              }
            },
            "params": {
              "keyType": "string",
              "type": "string",
              "id": 4
            },
            "spriteName": {
              "type": "string",
              "id": 5,
              "options": {
                "proto3_optional": true
              }
            },
            "value": {
              "type": "string",
              "id": 6,
              "options": {
                "proto3_optional": true
              }
            },
            "width": {
              "type": "int32",
              "id": 7,
              "options": {
                "proto3_optional": true
              }
            },
            "height": {
              "type": "int32",
              "id": 8,
              "options": {
                "proto3_optional": true
              }
            },
            "x": {
              "type": "int32",
              "id": 9,
              "options": {
                "proto3_optional": true
              }
            },
            "y": {
              "type": "int32",
              "id": 10,
              "options": {
                "proto3_optional": true
              }
            },
            "visible": {
              "type": "bool",
              "id": 11,
              "options": {
                "proto3_optional": true
              }
            },
            "sliderMin": {
              "type": "int32",
              "id": 12,
              "options": {
                "proto3_optional": true
              }
            },
            "sliderMax": {
              "type": "int32",
              "id": 13,
              "options": {
                "proto3_optional": true
              }
            },
            "isDiscrete": {
              "type": "bool",
              "id": 14,
              "options": {
                "proto3_optional": true
              }
            }
          }
        },
        "font": {
          "oneofs": {
            "_system": {
              "oneof": [
                "system"
              ]
            },
            "_family": {
              "oneof": [
                "family"
              ]
            },
            "_fallback": {
              "oneof": [
                "fallback"
              ]
            },
            "_md5ext": {
              "oneof": [
                "md5ext"
              ]
            }
          },
          "fields": {
            "system": {
              "type": "bool",
              "id": 1,
              "options": {
                "proto3_optional": true
              }
            },
            "family": {
              "type": "string",
              "id": 2,
              "options": {
                "proto3_optional": true
              }
            },
            "fallback": {
              "type": "string",
              "id": 3,
              "options": {
                "proto3_optional": true
              }
            },
            "md5ext": {
              "type": "string",
              "id": 4,
              "options": {
                "proto3_optional": true
              }
            }
          }
        },
        "extensionData": {
          "oneofs": {
            "_data": {
              "oneof": [
                "data"
              ]
            },
            "_parse": {
              "oneof": [
                "parse"
              ]
            }
          },
          "fields": {
            "data": {
              "type": "string",
              "id": 1,
              "options": {
                "proto3_optional": true
              }
            },
            "parse": {
              "type": "bool",
              "id": 2,
              "options": {
                "proto3_optional": true
              }
            }
          }
        },
        "Project": {
          "oneofs": {
            "_metaSemver": {
              "oneof": [
                "metaSemver"
              ]
            },
            "_metaVm": {
              "oneof": [
                "metaVm"
              ]
            },
            "_agent": {
              "oneof": [
                "agent"
              ]
            }
          },
          "fields": {
            "metaSemver": {
              "type": "string",
              "id": 1,
              "options": {
                "proto3_optional": true
              }
            },
            "metaVm": {
              "type": "string",
              "id": 2,
              "options": {
                "proto3_optional": true
              }
            },
            "agent": {
              "type": "string",
              "id": 3,
              "options": {
                "proto3_optional": true
              }
            },
            "targets": {
              "rule": "repeated",
              "type": "Sprite.Sprite",
              "id": 4
            },
            "monitors": {
              "rule": "repeated",
              "type": "monitor",
              "id": 5
            },
            "antiSigmaExtensionData": {
              "keyType": "string",
              "type": "string",
              "id": 6
            },
            "extensionData": {
              "keyType": "string",
              "type": "extensionData",
              "id": 10
            },
            "extensions": {
              "rule": "repeated",
              "type": "string",
              "id": 7
            },
            "extensionURLs": {
              "keyType": "string",
              "type": "string",
              "id": 8
            },
            "fonts": {
              "rule": "repeated",
              "type": "font",
              "id": 9
            }
          }
        }
      }
    },
    "Sprite": {
      "nested": {
        "_varValue": {
          "oneofs": {
            "_name": {
              "oneof": [
                "name"
              ]
            },
            "_value": {
              "oneof": [
                "value"
              ]
            }
          },
          "fields": {
            "name": {
              "type": "string",
              "id": 1,
              "options": {
                "proto3_optional": true
              }
            },
            "value": {
              "type": "string",
              "id": 2,
              "options": {
                "proto3_optional": true
              }
            }
          }
        },
        "_listValue": {
          "oneofs": {
            "_name": {
              "oneof": [
                "name"
              ]
            }
          },
          "fields": {
            "name": {
              "type": "string",
              "id": 1,
              "options": {
                "proto3_optional": true
              }
            },
            "value": {
              "rule": "repeated",
              "type": "string",
              "id": 2
            }
          }
        },
        "_mutation": {
          "oneofs": {
            "_tagName": {
              "oneof": [
                "tagName"
              ]
            },
            "_proccode": {
              "oneof": [
                "proccode"
              ]
            },
            "_argumentids": {
              "oneof": [
                "argumentids"
              ]
            },
            "_argumentnames": {
              "oneof": [
                "argumentnames"
              ]
            },
            "_argumentdefaults": {
              "oneof": [
                "argumentdefaults"
              ]
            },
            "_warp": {
              "oneof": [
                "warp"
              ]
            },
            "__returns": {
              "oneof": [
                "_returns"
              ]
            },
            "_edited": {
              "oneof": [
                "edited"
              ]
            },
            "_optype": {
              "oneof": [
                "optype"
              ]
            },
            "_color": {
              "oneof": [
                "color"
              ]
            }
          },
          "fields": {
            "tagName": {
              "type": "string",
              "id": 1,
              "options": {
                "proto3_optional": true
              }
            },
            "proccode": {
              "type": "string",
              "id": 3,
              "options": {
                "proto3_optional": true
              }
            },
            "argumentids": {
              "type": "string",
              "id": 4,
              "options": {
                "proto3_optional": true
              }
            },
            "argumentnames": {
              "type": "string",
              "id": 5,
              "options": {
                "proto3_optional": true
              }
            },
            "argumentdefaults": {
              "type": "string",
              "id": 6,
              "options": {
                "proto3_optional": true
              }
            },
            "warp": {
              "type": "bool",
              "id": 7,
              "options": {
                "proto3_optional": true
              }
            },
            "_returns": {
              "type": "string",
              "id": 8,
              "options": {
                "proto3_optional": true
              }
            },
            "edited": {
              "type": "bool",
              "id": 9,
              "options": {
                "proto3_optional": true
              }
            },
            "optype": {
              "type": "string",
              "id": 10,
              "options": {
                "proto3_optional": true
              }
            },
            "color": {
              "type": "string",
              "id": 11,
              "options": {
                "proto3_optional": true
              }
            }
          }
        },
        "var_reporter_block": {
          "oneofs": {
            "_first_num": {
              "oneof": [
                "first_num"
              ]
            },
            "_name": {
              "oneof": [
                "name"
              ]
            },
            "_id": {
              "oneof": [
                "id"
              ]
            },
            "_second_num": {
              "oneof": [
                "second_num"
              ]
            },
            "_third_num": {
              "oneof": [
                "third_num"
              ]
            }
          },
          "fields": {
            "first_num": {
              "type": "int32",
              "id": 1,
              "options": {
                "proto3_optional": true
              }
            },
            "name": {
              "type": "string",
              "id": 2,
              "options": {
                "proto3_optional": true
              }
            },
            "id": {
              "type": "string",
              "id": 3,
              "options": {
                "proto3_optional": true
              }
            },
            "second_num": {
              "type": "int32",
              "id": 4,
              "options": {
                "proto3_optional": true
              }
            },
            "third_num": {
              "type": "int32",
              "id": 5,
              "options": {
                "proto3_optional": true
              }
            }
          }
        },
        "block": {
          "oneofs": {
            "_opcode": {
              "oneof": [
                "opcode"
              ]
            },
            "_next": {
              "oneof": [
                "next"
              ]
            },
            "_parent": {
              "oneof": [
                "parent"
              ]
            },
            "_shadow": {
              "oneof": [
                "shadow"
              ]
            },
            "_topLevel": {
              "oneof": [
                "topLevel"
              ]
            },
            "_x": {
              "oneof": [
                "x"
              ]
            },
            "_y": {
              "oneof": [
                "y"
              ]
            },
            "_mutation": {
              "oneof": [
                "mutation"
              ]
            },
            "_is_variable_reporter": {
              "oneof": [
                "is_variable_reporter"
              ]
            },
            "_varReporterBlock": {
              "oneof": [
                "varReporterBlock"
              ]
            }
          },
          "fields": {
            "opcode": {
              "type": "string",
              "id": 1,
              "options": {
                "proto3_optional": true
              }
            },
            "next": {
              "type": "string",
              "id": 2,
              "options": {
                "proto3_optional": true
              }
            },
            "parent": {
              "type": "string",
              "id": 3,
              "options": {
                "proto3_optional": true
              }
            },
            "inputs": {
              "keyType": "string",
              "type": "string",
              "id": 4
            },
            "fields": {
              "keyType": "string",
              "type": "string",
              "id": 5
            },
            "shadow": {
              "type": "bool",
              "id": 6,
              "options": {
                "proto3_optional": true
              }
            },
            "topLevel": {
              "type": "bool",
              "id": 7,
              "options": {
                "proto3_optional": true
              }
            },
            "x": {
              "type": "int32",
              "id": 8,
              "options": {
                "proto3_optional": true
              }
            },
            "y": {
              "type": "int32",
              "id": 9,
              "options": {
                "proto3_optional": true
              }
            },
            "mutation": {
              "type": "_mutation",
              "id": 10,
              "options": {
                "proto3_optional": true
              }
            },
            "is_variable_reporter": {
              "type": "bool",
              "id": 11,
              "options": {
                "proto3_optional": true
              }
            },
            "varReporterBlock": {
              "type": "var_reporter_block",
              "id": 12,
              "options": {
                "proto3_optional": true
              }
            }
          }
        },
        "comment": {
          "oneofs": {
            "_blockId": {
              "oneof": [
                "blockId"
              ]
            },
            "_x": {
              "oneof": [
                "x"
              ]
            },
            "_y": {
              "oneof": [
                "y"
              ]
            },
            "_width": {
              "oneof": [
                "width"
              ]
            },
            "_height": {
              "oneof": [
                "height"
              ]
            },
            "_minimized": {
              "oneof": [
                "minimized"
              ]
            },
            "_text": {
              "oneof": [
                "text"
              ]
            }
          },
          "fields": {
            "blockId": {
              "type": "string",
              "id": 1,
              "options": {
                "proto3_optional": true
              }
            },
            "x": {
              "type": "float",
              "id": 2,
              "options": {
                "proto3_optional": true
              }
            },
            "y": {
              "type": "float",
              "id": 3,
              "options": {
                "proto3_optional": true
              }
            },
            "width": {
              "type": "int32",
              "id": 4,
              "options": {
                "proto3_optional": true
              }
            },
            "height": {
              "type": "int32",
              "id": 5,
              "options": {
                "proto3_optional": true
              }
            },
            "minimized": {
              "type": "bool",
              "id": 6,
              "options": {
                "proto3_optional": true
              }
            },
            "text": {
              "type": "string",
              "id": 7,
              "options": {
                "proto3_optional": true
              }
            }
          }
        },
        "costume": {
          "oneofs": {
            "_name": {
              "oneof": [
                "name"
              ]
            },
            "_bitmapResolution": {
              "oneof": [
                "bitmapResolution"
              ]
            },
            "_dataFormat": {
              "oneof": [
                "dataFormat"
              ]
            },
            "_assetId": {
              "oneof": [
                "assetId"
              ]
            },
            "_md5ext": {
              "oneof": [
                "md5ext"
              ]
            },
            "_rotationCenterX": {
              "oneof": [
                "rotationCenterX"
              ]
            },
            "_rotationCenterY": {
              "oneof": [
                "rotationCenterY"
              ]
            }
          },
          "fields": {
            "name": {
              "type": "string",
              "id": 1,
              "options": {
                "proto3_optional": true
              }
            },
            "bitmapResolution": {
              "type": "int32",
              "id": 2,
              "options": {
                "proto3_optional": true
              }
            },
            "dataFormat": {
              "type": "string",
              "id": 3,
              "options": {
                "proto3_optional": true
              }
            },
            "assetId": {
              "type": "string",
              "id": 4,
              "options": {
                "proto3_optional": true
              }
            },
            "md5ext": {
              "type": "string",
              "id": 5,
              "options": {
                "proto3_optional": true
              }
            },
            "rotationCenterX": {
              "type": "double",
              "id": 6,
              "options": {
                "proto3_optional": true
              }
            },
            "rotationCenterY": {
              "type": "double",
              "id": 7,
              "options": {
                "proto3_optional": true
              }
            }
          }
        },
        "sound": {
          "oneofs": {
            "_name": {
              "oneof": [
                "name"
              ]
            },
            "_assetId": {
              "oneof": [
                "assetId"
              ]
            },
            "_dataFormat": {
              "oneof": [
                "dataFormat"
              ]
            },
            "_rate": {
              "oneof": [
                "rate"
              ]
            },
            "_sampleCount": {
              "oneof": [
                "sampleCount"
              ]
            },
            "_md5ext": {
              "oneof": [
                "md5ext"
              ]
            }
          },
          "fields": {
            "name": {
              "type": "string",
              "id": 1,
              "options": {
                "proto3_optional": true
              }
            },
            "assetId": {
              "type": "string",
              "id": 2,
              "options": {
                "proto3_optional": true
              }
            },
            "dataFormat": {
              "type": "string",
              "id": 3,
              "options": {
                "proto3_optional": true
              }
            },
            "rate": {
              "type": "int32",
              "id": 4,
              "options": {
                "proto3_optional": true
              }
            },
            "sampleCount": {
              "type": "int32",
              "id": 5,
              "options": {
                "proto3_optional": true
              }
            },
            "md5ext": {
              "type": "string",
              "id": 6,
              "options": {
                "proto3_optional": true
              }
            }
          }
        },
        "customVar": {
          "oneofs": {
            "_type": {
              "oneof": [
                "type"
              ]
            },
            "_id": {
              "oneof": [
                "id"
              ]
            },
            "_name": {
              "oneof": [
                "name"
              ]
            },
            "_value": {
              "oneof": [
                "value"
              ]
            }
          },
          "fields": {
            "type": {
              "type": "string",
              "id": 1,
              "options": {
                "proto3_optional": true
              }
            },
            "id": {
              "type": "string",
              "id": 2,
              "options": {
                "proto3_optional": true
              }
            },
            "name": {
              "type": "string",
              "id": 3,
              "options": {
                "proto3_optional": true
              }
            },
            "value": {
              "type": "string",
              "id": 4,
              "options": {
                "proto3_optional": true
              }
            }
          }
        },
        "Sprite": {
          "oneofs": {
            "_id": {
              "oneof": [
                "id"
              ]
            },
            "_isStage": {
              "oneof": [
                "isStage"
              ]
            },
            "_name": {
              "oneof": [
                "name"
              ]
            },
            "_currentCostume": {
              "oneof": [
                "currentCostume"
              ]
            },
            "_volume": {
              "oneof": [
                "volume"
              ]
            },
            "_layerOrder": {
              "oneof": [
                "layerOrder"
              ]
            },
            "_x": {
              "oneof": [
                "x"
              ]
            },
            "_y": {
              "oneof": [
                "y"
              ]
            },
            "_size": {
              "oneof": [
                "size"
              ]
            },
            "_direction": {
              "oneof": [
                "direction"
              ]
            },
            "_draggable": {
              "oneof": [
                "draggable"
              ]
            },
            "_rotationStyle": {
              "oneof": [
                "rotationStyle"
              ]
            },
            "_tempo": {
              "oneof": [
                "tempo"
              ]
            },
            "_videoTransparency": {
              "oneof": [
                "videoTransparency"
              ]
            },
            "_videoState": {
              "oneof": [
                "videoState"
              ]
            },
            "_textToSpeechLanguage": {
              "oneof": [
                "textToSpeechLanguage"
              ]
            },
            "_visible": {
              "oneof": [
                "visible"
              ]
            }
          },
          "fields": {
            "id": {
              "type": "string",
              "id": 1,
              "options": {
                "proto3_optional": true
              }
            },
            "isStage": {
              "type": "bool",
              "id": 2,
              "options": {
                "proto3_optional": true
              }
            },
            "name": {
              "type": "string",
              "id": 3,
              "options": {
                "proto3_optional": true
              }
            },
            "variables": {
              "keyType": "string",
              "type": "_varValue",
              "id": 4
            },
            "lists": {
              "keyType": "string",
              "type": "_listValue",
              "id": 5
            },
            "broadcasts": {
              "keyType": "string",
              "type": "string",
              "id": 6
            },
            "customVars": {
              "rule": "repeated",
              "type": "customVar",
              "id": 7
            },
            "blocks": {
              "keyType": "string",
              "type": "block",
              "id": 8
            },
            "comments": {
              "keyType": "string",
              "type": "comment",
              "id": 9
            },
            "currentCostume": {
              "type": "int32",
              "id": 10,
              "options": {
                "proto3_optional": true
              }
            },
            "costumes": {
              "rule": "repeated",
              "type": "costume",
              "id": 11
            },
            "sounds": {
              "rule": "repeated",
              "type": "sound",
              "id": 12
            },
            "volume": {
              "type": "int32",
              "id": 13,
              "options": {
                "proto3_optional": true
              }
            },
            "layerOrder": {
              "type": "int32",
              "id": 14,
              "options": {
                "proto3_optional": true
              }
            },
            "x": {
              "type": "int32",
              "id": 15,
              "options": {
                "proto3_optional": true
              }
            },
            "y": {
              "type": "int32",
              "id": 16,
              "options": {
                "proto3_optional": true
              }
            },
            "size": {
              "type": "int32",
              "id": 17,
              "options": {
                "proto3_optional": true
              }
            },
            "direction": {
              "type": "int32",
              "id": 18,
              "options": {
                "proto3_optional": true
              }
            },
            "draggable": {
              "type": "bool",
              "id": 19,
              "options": {
                "proto3_optional": true
              }
            },
            "rotationStyle": {
              "type": "string",
              "id": 20,
              "options": {
                "proto3_optional": true
              }
            },
            "tempo": {
              "type": "int32",
              "id": 21,
              "options": {
                "proto3_optional": true
              }
            },
            "videoTransparency": {
              "type": "int32",
              "id": 22,
              "options": {
                "proto3_optional": true
              }
            },
            "videoState": {
              "type": "string",
              "id": 23,
              "options": {
                "proto3_optional": true
              }
            },
            "textToSpeechLanguage": {
              "type": "string",
              "id": 24,
              "options": {
                "proto3_optional": true
              }
            },
            "visible": {
              "type": "bool",
              "id": 25,
              "options": {
                "proto3_optional": true
              }
            }
          }
        }
      }
    }
  }
}